,Confusion Matrix,Classification Report
decision_tree.pkl,"[[11068  3880]
 [ 3077  5853]]","{'0.0': {'precision': 0.7824673029338989, 'recall': 0.7404335028097404, 'f1-score': 0.7608703124462929, 'support': 14948.0}, '1.0': {'precision': 0.601356210829138, 'recall': 0.6554311310190369, 'f1-score': 0.6272303488185179, 'support': 8930.0}, 'accuracy': 0.7086439400284781, 'macro avg': {'precision': 0.6919117568815185, 'recall': 0.6979323169143887, 'f1-score': 0.6940503306324054, 'support': 23878.0}, 'weighted avg': {'precision': 0.7147345760516007, 'recall': 0.7086439400284781, 'f1-score': 0.7108910480524563, 'support': 23878.0}}"
logistic_regression.pkl,"[[12523  2425]
 [ 4251  4679]]","{'0.0': {'precision': 0.7465720758316442, 'recall': 0.8377709392560878, 'f1-score': 0.7895466868419393, 'support': 14948.0}, '1.0': {'precision': 0.6586430180180181, 'recall': 0.5239641657334826, 'f1-score': 0.5836347761007858, 'support': 8930.0}, 'accuracy': 0.7204120948153112, 'macro avg': {'precision': 0.7026075469248312, 'recall': 0.6808675524947851, 'f1-score': 0.6865907314713626, 'support': 23878.0}, 'weighted avg': {'precision': 0.7136879780732188, 'recall': 0.7204120948153112, 'f1-score': 0.7125388401664011, 'support': 23878.0}}"
random_forest.pkl,"[[11607  3341]
 [ 3012  5918]]","{'0.0': {'precision': 0.7939667555920378, 'recall': 0.7764918383730265, 'f1-score': 0.7851320729191328, 'support': 14948.0}, '1.0': {'precision': 0.639161896533103, 'recall': 0.6627099664053752, 'f1-score': 0.6507229644290505, 'support': 8930.0}, 'accuracy': 0.733939190887009, 'macro avg': {'precision': 0.7165643260625704, 'recall': 0.7196009023892008, 'f1-score': 0.7179275186740917, 'support': 23878.0}, 'weighted avg': {'precision': 0.7360721500389643, 'recall': 0.733939190887009, 'f1-score': 0.7348651603294505, 'support': 23878.0}}"
